source,station_id,nome,lat,lon,municipio
ana,23800495,RIO TOCANTINS - SÃO SEBASTIÃO DO TO,-5.2544,-48.1983,SÃO SEBASTIÃO DO TO
ana,29050000,MARABÁ,-5.3386,-49.1244,MARABÁ
ana,29100000,FAZENDA ALEGRIA,-5.4867,-49.2214,MARABÁ
ana,29110000,UHE TUCURUÍ RIO ITACAIÚNAS,-5.4886,-49.2233,MARABÁ
ana,33380010,ARATOÍ GRANDE,-3.7722,-45.2181,BELA VISTA DO MARAN
ana,33690100,ITAPECURU-MIRIM,-3.3922,-44.3619,ITAPECURU MIRIM
bndmet,A238,BURITICUPÚ,-4.32055554,-46.44944444,
bndmet,D6301,ARATOÍ GRANDE,-3.7722,-45.2181,
bndmet,82281,SAO LUÍS - AEROPORTO,-2.6,-44.22999999,
bndmet,82280,SÃO LUIS,-2.52666666,-44.21361111,
bndmet,A203,SÃO LUIS,-2.52666666,-44.21361111,
bndmet,82562,MARABA,-5.36611111,-49.12527777,
bndmet,82563,MARABÁ,-5.37,-49.14,
bndmet,D6190,UHE TUCURUÍ MONTANTE 1,-5.3497,-48.8806,
bndmet,A240,MARABA,-5.36638888,-49.05111111,
bndmet,82567,CARAJÁS,-6.12,-50.0,
bndmet,D6169,MARABÁ,-5.3386,-49.1244,
bndmet,D6170,UHE TUCURUÍ RIO ITACAIÚNAS,-5.4886,-49.2233,
bndmet,D6168,FAZENDA ALEGRIA,-5.4867,-49.2214,
bndmet,D6182,PARAUAPEBAS,-6.0914,-49.9044,
bndmet,A230,SERRA DOS CARAJÁS,-6.07749999,-50.14222221,
