source,station_id,nome,lat,lon,municipio,inside
bndmet,82565,IMPERATRIZ - AEROPORTO,-5.52,-47.46,,False
bndmet,82564,IMPERATRIZ,-5.53638888,-47.47888888,,False
bndmet,82568,GRAJAU,-5.8,-46.45,,False
bndmet,82376,ZE DOCA,-3.26916666,-45.65111111,,False
bndmet,82571,BARRA DO CORDA,-5.50638888,-45.23722221,,False
bndmet,A238,BURITICUPÚ,-4.32055554,-46.44944444,,True
bndmet,A252,DOM ELISEU,-4.28055554,-47.56388888,,False
bndmet,D6181,FAZENDA RURAL ZEBU,-3.3197,-46.8456,,False
bndmet,A225,IMPERATRIZ,-5.55583333,-47.45972222,,False
bndmet,D6314,UHE TUCURUÍ MONTANTE 2,-5.5581,-47.4831,,False
bndmet,A255,ZE DOCA,-3.26916666,-45.65111111,,False
bndmet,D6301,ARATOÍ GRANDE,-3.7722,-45.2181,,True
bndmet,82281,SAO LUÍS - AEROPORTO,-2.6,-44.22999999,,True
bndmet,82280,SÃO LUIS,-2.52666666,-44.21361111,,True
bndmet,82279,SÃO BENTO,-2.67999999,-44.71999999,,False
bndmet,82277,FAROL SANTANA,-2.270556,-43.623889,,False
bndmet,82382,CHAPADINHA,-3.74277777,-43.35222222,,False
bndmet,A203,SÃO LUIS,-2.52666666,-44.21361111,,True
bndmet,A217,FAROL de SANTANA,-2.27083332,-43.62416666,,False
bndmet,D6302,CANTANHEDE,-3.6278,-44.3792,,False
bndmet,D6326,IGUARÁ,-3.5525,-43.8722,,False
bndmet,D8305,PIRITORÓ II,-3.7064,-44.2872,,False
bndmet,82460,BACABAL,-4.21805554,-44.77583332,,False
bndmet,D6327,MUNIM,-3.5775,-43.7028,,False
bndmet,D6297,BACABAL,-4.21944443,-44.76527777,,False
bndmet,A220,BACABAL,-4.24305555,-44.79499999,,False
bndmet,D6322,SÃO LUIZ GONZAGA,-4.37,-44.6758,,False
bndmet,D6180,CAFEZAL,-2.7717,-46.8028,,False
bndmet,82562,MARABA,-5.36611111,-49.12527777,,True
bndmet,82563,MARABÁ,-5.37,-49.14,,True
bndmet,A214,RONDON DO PARÁ,-4.82749999,-48.1736111,,False
bndmet,D6233,DESCARRETO,-5.7894,-47.4689,,False
bndmet,A044,ARAGUATINS,-5.6436111,-48.11194444,,False
bndmet,D8151,ARAGUATINS,-5.6514,-48.1325,,False
bndmet,D6190,UHE TUCURUÍ MONTANTE 1,-5.3497,-48.8806,,True
bndmet,A240,MARABA,-5.36638888,-49.05111111,,True
bndmet,82567,CARAJÁS,-6.12,-50.0,,True
bndmet,D6169,MARABÁ,-5.3386,-49.1244,,True
bndmet,D6170,UHE TUCURUÍ RIO ITACAIÚNAS,-5.4886,-49.2233,,True
bndmet,D6168,FAZENDA ALEGRIA,-5.4867,-49.2214,,True
bndmet,82659,ARAGUAÍNA,-7.10388888,-48.20138888,,False
bndmet,82360,TUCURUÍ,-3.77,-49.72,,False
bndmet,D8241,ITUPIRANGA,-5.1281,-49.3242,,False
bndmet,D6182,PARAUAPEBAS,-6.0914,-49.9044,,True
bndmet,A230,SERRA DOS CARAJÁS,-6.07749999,-50.14222221,,True
ana,148023,BARCARENA,-1.5417,-48.7003,BARCARENA-PA,False
ana,247009,IPIXUNA,-2.5714,-47.5022,IPIXUNA DO PARÁ-PA,False
ana,248008,TAILÂNDIA,-2.9833,-48.9386,TAILÂNDIA-PA,False
ana,347006,ULIANÓPOLIS,-3.7447,-47.4989,ULIANÓPOLIS-PA,False
ana,348003,PARAGOMINAS,-3.5558,-48.6511,PARAGOMINAS-PA,False
ana,23310000,UHE ESTREITO MONTANTE 1,-7.3303,-47.4769,CAROLINA-MA,False
ana,23466000,UHE ESTREITO RIO FARINHA,-6.9953,-47.1653,CAROLINA-MA,False
ana,23490000,UHE ESTREITO BARRAMENTO,-6.5922,-47.4664,ESTREITO-MA,False
ana,23495000,UHE ESTREITO JUSANTE,-6.2889,-47.3917,TOCANTINÓPOLIS-TO,False
ana,23700000,DESCARRETO,-5.7894,-47.4689,ITAGUATINS-TO,False
ana,23790000,UHE TUCURUÍ MONTANTE 2,-5.5581,-47.4831,IMPERATRIZ-MA,False
ana,23800495,RIO TOCANTINS - SÃO SEBASTIÃO DO TO,-5.2544,-48.1983,SÃO SEBASTIÃO DO TOCANTINS-TO,True
ana,28150040,MURICILÂNDIA,-7.145,-48.6136,MURICILÂNDIA-TO,False
ana,28179970,RIO LONTRA MONTANTE DE ARAGUAINA,-7.2708,-48.1606,ARAGUAÍNA-TO,False
ana,28180000,CGH LAGEADO RIBEIRÃO LONTRA,-7.2517,-48.1603,ARAGUAÍNA-TO,False
ana,28190080,CGH LAJES CORUJÃO JUSANTE,-7.2133,-48.2364,ARAGUAÍNA-TO,False
ana,28200000,PONTE RIO LONTRA,-7.2075,-48.2958,ARAGUAÍNA-TO,False
ana,28280000,ARAGUANÃ,-6.56557,-48.63553,ARAGUANÃ-TO,False
ana,28300000,XAMBIOÁ,-6.4097,-48.5422,XAMBIOÁ-TO,False
