codEstacao,nome,latitude,longitude
82565,IMPERATRIZ - AEROPORTO,-5.52,-47.46
82564,IMPERATRIZ,-5.53638888,-47.47888888
82568,GRAJAU,-5.8,-46.45
82376,ZE DOCA,-3.26916666,-45.65111111
82571,BARRA DO CORDA,-5.50638888,-45.23722221
A238,BURITICUPÚ,-4.32055554,-46.44944444
A252,DOM ELISEU,-4.28055554,-47.56388888
D6181,FAZENDA RURAL ZEBU,-3.3197,-46.8456
A225,IMPERATRIZ,-5.55583333,-47.45972222
D6314,UHE TUCURUÍ MONTANTE 2,-5.5581,-47.4831
A255,ZE DOCA,-3.26916666,-45.65111111
D6301,ARATOÍ GRANDE,-3.7722,-45.2181
82281,SAO LUÍS - AEROPORTO,-2.6,-44.22999999
82280,SÃO LUIS,-2.52666666,-44.21361111
82279,SÃO BENTO,-2.67999999,-44.71999999
82277,FAROL SANTANA,-2.270556,-43.623889
82382,CHAPADINHA,-3.74277777,-43.35222222
A203,SÃO LUIS,-2.52666666,-44.21361111
A217,FAROL de SANTANA,-2.27083332,-43.62416666
D6302,CANTANHEDE,-3.6278,-44.3792
D6326,IGUARÁ,-3.5525,-43.8722
D8305,PIRITORÓ II,-3.7064,-44.2872
82460,BACABAL,-4.21805554,-44.77583332
D6327,MUNIM,-3.5775,-43.7028
D6297,BACABAL,-4.21944443,-44.76527777
A220,BACABAL,-4.24305555,-44.79499999
D6322,SÃO LUIZ GONZAGA,-4.37,-44.6758
D6180,CAFEZAL,-2.7717,-46.8028
82562,MARABA,-5.36611111,-49.12527777
82563,MARABÁ,-5.37,-49.14
A214,RONDON DO PARÁ,-4.82749999,-48.1736111
D6233,DESCARRETO,-5.7894,-47.4689
A044,ARAGUATINS,-5.6436111,-48.11194444
D8151,ARAGUATINS,-5.6514,-48.1325
D6190,UHE TUCURUÍ MONTANTE 1,-5.3497,-48.8806
A240,MARABA,-5.36638888,-49.05111111
82567,CARAJÁS,-6.12,-50
D6169,MARABÁ,-5.3386,-49.1244
D6170,UHE TUCURUÍ RIO ITACAIÚNAS,-5.4886,-49.2233
D6168,FAZENDA ALEGRIA,-5.4867,-49.2214
82659,ARAGUAÍNA,-7.10388888,-48.20138888
82360,TUCURUÍ,-3.77,-49.72
D8241,ITUPIRANGA,-5.1281,-49.3242
D6182,PARAUAPEBAS,-6.0914,-49.9044
A230,SERRA DOS CARAJÁS,-6.07749999,-50.14222221
D0107,PARAUAPEBAS - PALMARES SUL (CEMADEN),-5.9953,-49.8894
D0108,PARAUAPEBAS - NOVA VIDA (CEMADEN),-6.0914,-49.9045
D0109,PARAUAPEBAS - NOVO BRASIL (CEMADEN),-6.0915,-49.8682
D0110,PARAUAPEBAS - BETANIA (CEMADEN),-6.0557,-49.8867
D0111,PARAUAPEBAS - CENTRO (CEMADEN),-6.0752,-49.8848
